<ImportExportXml version="9.2.25043.202" SolutionPackageVersion="9.2" languagecode="1033" generatedBy="CrmLive" xmlns:xsi="http://www.w3.org/2001/XMLSchema-instance" OrganizationVersion="9.2.25043.202" OrganizationSchemaType="Standard" CRMServerServiceabilityVersion="9.2.25051.00174">
  <SolutionManifest>
    <UniqueName>IconManager</UniqueName>
    <LocalizedNames>
      <LocalizedName description="Icons 25" languagecode="1033" />
    </LocalizedNames>
    <Descriptions />
    <Version>1.0.0.9</Version>
    <Managed>1</Managed>
    <Publisher>
      <UniqueName>pensplace</UniqueName>
      <LocalizedNames>
        <LocalizedName description="pensplace" languagecode="1033" />
      </LocalizedNames>
      <Descriptions>
        <Description description="pensplace" languagecode="1033" />
      </Descriptions>
      <EMailAddress xsi:nil="true"></EMailAddress>
      <SupportingWebsiteUrl xsi:nil="true"></SupportingWebsiteUrl>
      <CustomizationPrefix>pp</CustomizationPrefix>
      <CustomizationOptionValuePrefix>60034</CustomizationOptionValuePrefix>
      <Addresses>
        <Address>
          <AddressNumber>1</AddressNumber>
          <AddressTypeCode>1</AddressTypeCode>
          <City xsi:nil="true"></City>
          <County xsi:nil="true"></County>
          <Country xsi:nil="true"></Country>
          <Fax xsi:nil="true"></Fax>
          <FreightTermsCode xsi:nil="true"></FreightTermsCode>
          <ImportSequenceNumber xsi:nil="true"></ImportSequenceNumber>
          <Latitude xsi:nil="true"></Latitude>
          <Line1 xsi:nil="true"></Line1>
          <Line2 xsi:nil="true"></Line2>
          <Line3 xsi:nil="true"></Line3>
          <Longitude xsi:nil="true"></Longitude>
          <Name xsi:nil="true"></Name>
          <PostalCode xsi:nil="true"></PostalCode>
          <PostOfficeBox xsi:nil="true"></PostOfficeBox>
          <PrimaryContactName xsi:nil="true"></PrimaryContactName>
          <ShippingMethodCode>1</ShippingMethodCode>
          <StateOrProvince xsi:nil="true"></StateOrProvince>
          <Telephone1 xsi:nil="true"></Telephone1>
          <Telephone2 xsi:nil="true"></Telephone2>
          <Telephone3 xsi:nil="true"></Telephone3>
          <TimeZoneRuleVersionNumber xsi:nil="true"></TimeZoneRuleVersionNumber>
          <UPSZone xsi:nil="true"></UPSZone>
          <UTCOffset xsi:nil="true"></UTCOffset>
          <UTCConversionTimeZoneCode xsi:nil="true"></UTCConversionTimeZoneCode>
        </Address>
        <Address>
          <AddressNumber>2</AddressNumber>
          <AddressTypeCode>1</AddressTypeCode>
          <City xsi:nil="true"></City>
          <County xsi:nil="true"></County>
          <Country xsi:nil="true"></Country>
          <Fax xsi:nil="true"></Fax>
          <FreightTermsCode xsi:nil="true"></FreightTermsCode>
          <ImportSequenceNumber xsi:nil="true"></ImportSequenceNumber>
          <Latitude xsi:nil="true"></Latitude>
          <Line1 xsi:nil="true"></Line1>
          <Line2 xsi:nil="true"></Line2>
          <Line3 xsi:nil="true"></Line3>
          <Longitude xsi:nil="true"></Longitude>
          <Name xsi:nil="true"></Name>
          <PostalCode xsi:nil="true"></PostalCode>
          <PostOfficeBox xsi:nil="true"></PostOfficeBox>
          <PrimaryContactName xsi:nil="true"></PrimaryContactName>
          <ShippingMethodCode>1</ShippingMethodCode>
          <StateOrProvince xsi:nil="true"></StateOrProvince>
          <Telephone1 xsi:nil="true"></Telephone1>
          <Telephone2 xsi:nil="true"></Telephone2>
          <Telephone3 xsi:nil="true"></Telephone3>
          <TimeZoneRuleVersionNumber xsi:nil="true"></TimeZoneRuleVersionNumber>
          <UPSZone xsi:nil="true"></UPSZone>
          <UTCOffset xsi:nil="true"></UTCOffset>
          <UTCConversionTimeZoneCode xsi:nil="true"></UTCConversionTimeZoneCode>
        </Address>
      </Addresses>
    </Publisher>
    <RootComponents>
      <RootComponent type="1" schemaName="pp_favourite" behavior="0" />
      <RootComponent type="1" schemaName="pp_icon" behavior="0" />
      <RootComponent type="1" schemaName="pp_iconpack" behavior="0" />
      <RootComponent type="1" schemaName="pp_transformation" behavior="0" />
      <RootComponent type="1" schemaName="pp_usersettings" behavior="0" />
      <RootComponent type="1" schemaName="systemuser" behavior="1" />
      <RootComponent type="9" schemaName="pp_packtype" behavior="0" />
      <RootComponent type="29" id="{47dbfda5-be27-f011-8c4e-7c1e527914e8}" behavior="0" />
      <RootComponent type="29" id="{4f376073-bf23-f011-8c4e-7c1e527914e8}" behavior="0" />
      <RootComponent type="29" id="{6a17aa22-cd26-f011-8c4e-7c1e522f188e}" behavior="0" />
      <RootComponent type="29" id="{f0c99f6e-b823-f011-8c4e-7c1e522f188e}" behavior="0" />
      <RootComponent type="61" schemaName="pp_Archive20" behavior="0" />
      <RootComponent type="61" schemaName="pp_heart" behavior="0" />
      <RootComponent type="61" schemaName="pp_Heart20" behavior="0" />
      <RootComponent type="61" schemaName="pp_icons" behavior="0" />
      <RootComponent type="61" schemaName="pp_Icons24" behavior="0" />
      <RootComponent type="61" schemaName="pp_icon_241" behavior="0" />
      <RootComponent type="61" schemaName="pp_lighticons" behavior="0" />
      <RootComponent type="61" schemaName="pp_logo" behavior="0" />
      <RootComponent type="61" schemaName="pp_P" behavior="0" />
      <RootComponent type="61" schemaName="pp_Package" behavior="0" />
      <RootComponent type="61" schemaName="pp_PersonSettings20" behavior="0" />
      <RootComponent type="61" schemaName="pp_transform" behavior="0" />
      <RootComponent type="61" schemaName="pp_Transformation" behavior="0" />
      <RootComponent type="62" schemaName="pp_IconAdmin" behavior="0" />
      <RootComponent type="66" schemaName="pp_PensPlace.ColorPicker" behavior="0" />
      <RootComponent type="66" schemaName="pp_pensplace.MDADarkModeDetector" behavior="0" />
      <RootComponent type="66" schemaName="pp_PP.DownloadControl" behavior="0" />
      <RootComponent type="80" schemaName="pp_IconAdmin" behavior="0" />
      <RootComponent type="300" schemaName="pp_icons25overview_78e75" behavior="0" />
      <RootComponent type="300" schemaName="pp_iconsmanager_25e17" behavior="0" />
      <RootComponent type="372" id="{e1c76c8e-a590-4ba9-81f5-200c48ac87a4}" schemaName="pp_colorapi" behavior="0" />
      <RootComponent type="372" id="{94d2c65c-9d1d-4362-811c-d8dc64415086}" schemaName="pp_colorfyit" behavior="0" />
      <RootComponent type="372" id="{cbbce594-6eac-4a6b-b353-6b90f5118e0d}" schemaName="pp_colour-20names" behavior="0" />
    </RootComponents>
    <MissingDependencies>
      <MissingDependency>
        <Required type="66" schemaName="pdd_CustomControl.PowerDragDrop" displayName="pdd_CustomControl.PowerDragDrop" solution="PowerDragDrop (1.1.0.0)" />
        <Dependent type="300" schemaName="pp_iconsmanager_25e17" displayName="Icons 25" />
      </MissingDependency>
      <MissingDependency>
        <Required type="SettingDefinition" displayName="AppChannel" solution="msdyn_AppFrameworkInfraExtensions (1.0.0.13)" id.uniquename="AppChannel">
          <package appName="PowerAppsAppFramework Package" version="1.0.0.18">PowerAppsAppFramework_Anchor (1.0.0.18)</package>
        </Required>
        <Dependent type="AppSetting" displayName="parentappmoduleid.uniquename=pp_IconAdmin,settingdefinitionid.uniquename=AppChannel" id.parentappmoduleid.uniquename="pp_IconAdmin" id.settingdefinitionid.uniquename="AppChannel" />
      </MissingDependency>
    </MissingDependencies>
  </SolutionManifest>
</ImportExportXml>