<manifest><control namespace="pensplace" constructor="MDADarkModeDetector" version="1.0.2" display-name-key="MDADarkModeDetector" description-key="Outputs true if the MDA app is in Dark Mode, false otherwise" control-type="standard" api-version="1.3.16"><property name="isDarkMode" display-name-key="Is Dark Mode" description-key="Outputs true if the MDA app is in Dark Mode, false otherwise" of-type="SingleLine.Text" usage="output" required="false" /><resources><code path="bundle.js" order="1" /></resources><feature-usage><uses-feature name="utility" required="true" /></feature-usage><built-by name="pac" version="1.42.1" /></control></manifest>