{
  "properties": {
    "connectionReferences": {
      "shared_onedriveforbusiness": {
        "runtimeSource": "invoker",
        "connection": {
          "connectionReferenceLogicalName": "pp_sharedonedriveforbusiness_25ecc"
        },
        "api": {
          "name": "shared_onedriveforbusiness"
        }
      }
    },
    "definition": {
      "$schema": "https://schema.management.azure.com/providers/Microsoft.Logic/schemas/2016-06-01/workflowdefinition.json#",
      "contentVersion": "1.0.0.0",
      "parameters": {
        "$connections": {
          "defaultValue": {},
          "type": "Object"
        },
        "$authentication": {
          "defaultValue": {},
          "type": "SecureObject"
        }
      },
      "triggers": {
        "manual": {
          "metadata": {
            "operationMetadataId": "b952c09f-b92f-4d88-a2e3-b739653d22e5"
          },
          "type": "Request",
          "kind": "PowerAppV2",
          "inputs": {
            "schema": {
              "type": "object",
              "properties": {},
              "required": []
            }
          }
        }
      },
      "actions": {
        "Scope": {
          "actions": {
            "Create_dummy_file_to_create_folder": {
              "runAfter": {},
              "metadata": {
                "operationMetadataId": "d50a8663-983b-4ab3-83c4-feb4b7c6236b"
              },
              "type": "OpenApiConnection",
              "inputs": {
                "host": {
                  "connectionName": "shared_onedriveforbusiness",
                  "operationId": "CreateFile",
                  "apiId": "/providers/Microsoft.PowerApps/apis/shared_onedriveforbusiness"
                },
                "parameters": {
                  "folderPath": "@variables('Folder')",
                  "name": "test.txt",
                  "body": "This is a dummy file to create the Icons folder for PensPlace Icon Manager."
                },
                "authentication": "@parameters('$authentication')"
              },
              "runtimeConfiguration": {
                "contentTransfer": {
                  "transferMode": "Chunked"
                }
              }
            }
          },
          "runAfter": {
            "Initialise_Folder_Name": [
              "Succeeded"
            ]
          },
          "metadata": {
            "operationMetadataId": "0cc6fa78-d648-496c-92b4-107391a9bd77"
          },
          "type": "Scope"
        },
        "Respond_error": {
          "runAfter": {
            "Scope": [
              "Failed"
            ]
          },
          "metadata": {
            "operationMetadataId": "e7b6e2b2-ab2c-46c1-8a7c-6818e70d6b10"
          },
          "type": "Response",
          "kind": "PowerApp",
          "inputs": {
            "statusCode": 200,
            "body": {
              "result": "error"
            },
            "schema": {
              "type": "object",
              "properties": {
                "result": {
                  "title": "result",
                  "x-ms-dynamically-added": true,
                  "type": "string"
                }
              }
            }
          }
        },
        "Respond_success": {
          "runAfter": {
            "Respond_error": [
              "Skipped"
            ]
          },
          "metadata": {
            "operationMetadataId": "870ab1bf-b596-4721-9d63-775b7e176b47"
          },
          "type": "Response",
          "kind": "PowerApp",
          "inputs": {
            "statusCode": 200,
            "body": {
              "result": "success"
            },
            "schema": {
              "type": "object",
              "properties": {
                "result": {
                  "title": "result",
                  "x-ms-dynamically-added": true,
                  "type": "string"
                }
              }
            }
          }
        },
        "Initialise_Folder_Name": {
          "runAfter": {},
          "metadata": {
            "operationMetadataId": "61461b8d-faa4-4446-992f-474152ca61e4"
          },
          "type": "InitializeVariable",
          "inputs": {
            "variables": [
              {
                "name": "Folder",
                "type": "string",
                "value": "/Icons/"
              }
            ]
          }
        }
      },
      "outputs": {}
    },
    "templateName": null
  },
  "schemaVersion": "1.0.0.0"
}