{
  "properties": {
    "connectionReferences": {
      "shared_commondataserviceforapps": {
        "api": {
          "name": "shared_commondataserviceforapps"
        },
        "connection": {
          "connectionReferenceLogicalName": "pp_sharedcommondataserviceforapps_1ff77"
        },
        "runtimeSource": "embedded"
      },
      "shared_onedriveforbusiness": {
        "api": {
          "name": "shared_onedriveforbusiness"
        },
        "connection": {
          "connectionReferenceLogicalName": "pp_sharedonedriveforbusiness_25ecc"
        },
        "runtimeSource": "embedded"
      },
      "shared_dataflows": {
        "api": {
          "name": "shared_dataflows"
        },
        "connection": {
          "connectionReferenceLogicalName": "new_shareddataflows_23fc9"
        },
        "runtimeSource": "embedded"
      }
    },
    "definition": {
      "$schema": "https://schema.management.azure.com/providers/Microsoft.Logic/schemas/2016-06-01/workflowdefinition.json#",
      "contentVersion": "1.0.0.0",
      "parameters": {
        "$authentication": {
          "defaultValue": {},
          "type": "SecureObject"
        },
        "$connections": {
          "defaultValue": {},
          "type": "Object"
        },
        "DataflowID (pp_DataflowID)": {
          "defaultValue": "664aaba1-1281-4fd2-8e08-0738c8e6eaaa",
          "type": "String",
          "metadata": {
            "schemaName": "pp_DataflowID"
          }
        },
        "GroupID (pp_GroupID)": {
          "defaultValue": "f6b43639-b46f-e12b-95e9-8c6809940ead-31c688f59-uk",
          "type": "String",
          "metadata": {
            "schemaName": "pp_GroupID"
          }
        }
      },
      "triggers": {
        "When_a_row_is_added,_modified_or_deleted": {
          "type": "OpenApiConnectionWebhook",
          "inputs": {
            "parameters": {
              "subscriptionRequest/message": 3,
              "subscriptionRequest/entityname": "pp_iconpack",
              "subscriptionRequest/scope": 4,
              "subscriptionRequest/filteringattributes": "pp_iconscsv",
              "subscriptionRequest/runas": 1
            },
            "host": {
              "apiId": "/providers/Microsoft.PowerApps/apis/shared_commondataserviceforapps",
              "operationId": "SubscribeWebhookTrigger",
              "connectionName": "shared_commondataserviceforapps"
            }
          },
          "metadata": {
            "operationMetadataId": "700528db-f249-46be-9850-78292f0c66f1"
          }
        }
      },
      "actions": {
        "Try": {
          "type": "Scope",
          "actions": {
            "UploadFileToOneDrive": {
              "type": "OpenApiConnection",
              "inputs": {
                "parameters": {
                  "folderPath": "/Icons",
                  "name": "icons.csv",
                  "body": "@body('Download_a_file_or_an_image')"
                },
                "host": {
                  "apiId": "/providers/Microsoft.PowerApps/apis/shared_onedriveforbusiness",
                  "operationId": "CreateFile",
                  "connectionName": "shared_onedriveforbusiness"
                }
              },
              "runAfter": {
                "Download_a_file_or_an_image": [
                  "Succeeded"
                ]
              },
              "metadata": {
                "flowSystemMetadata": {
                  "portalOperationIconOverride": "https://conn-afd-prod-endpoint-bmc9bqahasf3grgk.b01.azurefd.net/releases/v1.0.1732/1.0.1732.4070/onedriveforbusiness/icon.png",
                  "portalOperationBrandColorOverride": "#0078D4",
                  "portalOperationId": "/providers/Microsoft.PowerApps/apis/shared_onedriveforbusiness/apiOperations/CreateFile"
                },
                "operationMetadataId": "9f009b80-dbc8-422f-9dd9-e87d2d11f89a"
              }
            },
            "Refresh_a_dataflow": {
              "type": "OpenApiConnection",
              "inputs": {
                "parameters": {
                  "workspaceType": "Environment",
                  "groupIdForRefreshDataflow": "@parameters('GroupID (pp_GroupID)')",
                  "dataflowIdForRefreshDataflow": "@parameters('DataflowID (pp_DataflowID)')"
                },
                "host": {
                  "apiId": "/providers/Microsoft.PowerApps/apis/shared_dataflows",
                  "operationId": "RefreshDataflow",
                  "connectionName": "shared_dataflows"
                }
              },
              "runAfter": {
                "UploadFileToOneDrive": [
                  "Succeeded"
                ]
              },
              "metadata": {
                "operationMetadataId": "6310b3b6-9b45-40b1-9606-f6025fe506ba"
              }
            },
            "Update_a_row": {
              "type": "OpenApiConnection",
              "inputs": {
                "parameters": {
                  "entityName": "pp_iconpacks",
                  "recordId": "@triggerOutputs()?['body/pp_iconpackid']",
                  "item/pp_loadingstatuscode": 292460001,
                  "item/statuscode": 600340001
                },
                "host": {
                  "apiId": "/providers/Microsoft.PowerApps/apis/shared_commondataserviceforapps",
                  "operationId": "UpdateOnlyRecord",
                  "connectionName": "shared_commondataserviceforapps"
                }
              },
              "metadata": {
                "operationMetadataId": "8ea7dfbc-cf15-4a5f-8d40-3bc341b33ee6"
              }
            },
            "Download_a_file_or_an_image": {
              "type": "OpenApiConnection",
              "inputs": {
                "parameters": {
                  "entityName": "pp_iconpacks",
                  "recordId": "@triggerOutputs()?['body/pp_iconpackid']",
                  "fileImageFieldName": "pp_iconscsv"
                },
                "host": {
                  "apiId": "/providers/Microsoft.PowerApps/apis/shared_commondataserviceforapps",
                  "operationId": "GetEntityFileImageFieldContent",
                  "connectionName": "shared_commondataserviceforapps"
                }
              },
              "runAfter": {
                "Update_a_row": [
                  "Succeeded"
                ]
              },
              "metadata": {
                "operationMetadataId": "cfcd55d0-933a-400e-af61-a76846aa384e"
              }
            }
          },
          "runAfter": {},
          "metadata": {
            "operationMetadataId": "6d38979d-aae7-49c6-8d8d-7d5319879e8f"
          }
        },
        "Catch": {
          "type": "Scope",
          "actions": {
            "Update_Error_Status": {
              "type": "OpenApiConnection",
              "inputs": {
                "parameters": {
                  "entityName": "pp_iconpacks",
                  "recordId": "@triggerOutputs()?['body/pp_iconpackid']",
                  "item/pp_loadingstatuscode": 292460003,
                  "item/statuscode": 1
                },
                "host": {
                  "apiId": "/providers/Microsoft.PowerApps/apis/shared_commondataserviceforapps",
                  "operationId": "UpdateOnlyRecord",
                  "connectionName": "shared_commondataserviceforapps"
                }
              },
              "metadata": {
                "operationMetadataId": "243d012f-0bf2-48c0-864b-12dbd84ae47b"
              }
            },
            "Terminate": {
              "type": "Terminate",
              "inputs": {
                "runStatus": "Failed",
                "runError": {
                  "code": "400",
                  "message": "There was an error"
                }
              },
              "runAfter": {
                "Update_Error_Status": [
                  "Succeeded"
                ]
              },
              "metadata": {
                "operationMetadataId": "b6e2e469-8f33-4023-969d-0f030876e56a"
              }
            }
          },
          "runAfter": {
            "Try": [
              "Failed",
              "TimedOut"
            ]
          },
          "metadata": {
            "operationMetadataId": "2d4e5873-c394-4fa0-a151-1259186caf52"
          }
        },
        "Finally": {
          "type": "Scope",
          "actions": {
            "Update_Success_Status": {
              "type": "OpenApiConnection",
              "inputs": {
                "parameters": {
                  "entityName": "pp_iconpacks",
                  "recordId": "@triggerOutputs()?['body/pp_iconpackid']",
                  "item/pp_loadingstatuscode": 292460002,
                  "item/statuscode": 600340002
                },
                "host": {
                  "apiId": "/providers/Microsoft.PowerApps/apis/shared_commondataserviceforapps",
                  "operationId": "UpdateOnlyRecord",
                  "connectionName": "shared_commondataserviceforapps"
                }
              },
              "metadata": {
                "operationMetadataId": "169d7235-9c26-4500-bcb0-69cb457ec276"
              }
            },
            "Terminate_2": {
              "type": "Terminate",
              "inputs": {
                "runStatus": "Succeeded"
              },
              "runAfter": {
                "Update_Success_Status": [
                  "Succeeded"
                ]
              },
              "metadata": {
                "operationMetadataId": "7ccf5536-03a9-4b1a-a315-bf6208f71b33"
              }
            }
          },
          "runAfter": {
            "Catch": [
              "Skipped"
            ]
          },
          "metadata": {
            "operationMetadataId": "20d6c389-1f34-44d6-bd50-c1936112d0d9"
          }
        }
      }
    },
    "templateName": null
  },
  "schemaVersion": "1.0.0.0"
}