{
  "properties": {
    "connectionReferences": {
      "shared_dataflows": {
        "api": {
          "name": "shared_dataflows"
        },
        "connection": {
          "connectionReferenceLogicalName": "new_shareddataflows_23fc9"
        },
        "runtimeSource": "embedded"
      },
      "shared_commondataserviceforapps": {
        "api": {
          "name": "shared_commondataserviceforapps"
        },
        "connection": {
          "connectionReferenceLogicalName": "pp_sharedcommondataserviceforapps_1ff77"
        },
        "runtimeSource": "embedded"
      }
    },
    "definition": {
      "$schema": "https://schema.management.azure.com/providers/Microsoft.Logic/schemas/2016-06-01/workflowdefinition.json#",
      "contentVersion": "1.0.0.0",
      "parameters": {
        "$authentication": {
          "defaultValue": {},
          "type": "SecureObject"
        },
        "$connections": {
          "defaultValue": {},
          "type": "Object"
        },
        "DataflowID (pp_DataflowID)": {
          "defaultValue": "664aaba1-1281-4fd2-8e08-0738c8e6eaaa",
          "type": "String",
          "metadata": {
            "schemaName": "pp_DataflowID"
          }
        },
        "GroupID (pp_GroupID)": {
          "defaultValue": "f6b43639-b46f-e12b-95e9-8c6809940ead-31c688f59-uk",
          "type": "String",
          "metadata": {
            "schemaName": "pp_GroupID"
          }
        }
      },
      "triggers": {
        "When_a_dataflow_refresh_completes": {
          "type": "OpenApiConnection",
          "inputs": {
            "parameters": {
              "workspaceType": "Environment",
              "groupIdForOnRefreshComplete": "@parameters('GroupID (pp_GroupID)')",
              "dataflowIdForOnRefreshComplete": "@parameters('DataflowID (pp_DataflowID)')"
            },
            "host": {
              "apiId": "/providers/Microsoft.PowerApps/apis/shared_dataflows",
              "operationId": "OnRefreshComplete",
              "connectionName": "shared_dataflows"
            }
          },
          "recurrence": {
            "interval": 1,
            "frequency": "Minute"
          },
          "metadata": {
            "operationMetadataId": "4384d71d-9fb2-4c45-80ee-2feef24a3111"
          }
        }
      },
      "actions": {
        "Try": {
          "type": "Scope",
          "actions": {
            "List_rows": {
              "type": "OpenApiConnection",
              "inputs": {
                "parameters": {
                  "entityName": "pp_iconpacks",
                  "$filter": "statuscode eq 600340001",
                  "$top": 1
                },
                "host": {
                  "apiId": "/providers/Microsoft.PowerApps/apis/shared_commondataserviceforapps",
                  "operationId": "ListRecords",
                  "connectionName": "shared_commondataserviceforapps"
                }
              },
              "metadata": {
                "operationMetadataId": "59cd84ec-d0b0-4923-bc14-3cdf064dca0a"
              }
            },
            "Apply_to_each": {
              "type": "Foreach",
              "foreach": "@outputs('List_rows')?['body/value']",
              "actions": {
                "Set_variable": {
                  "type": "SetVariable",
                  "inputs": {
                    "name": "id",
                    "value": "@outputs('Update_a_row')?['body/pp_iconpackid']"
                  },
                  "runAfter": {
                    "Update_a_row": [
                      "Succeeded"
                    ]
                  },
                  "metadata": {
                    "operationMetadataId": "7badf57c-b3e3-4be7-a985-1aa974bd199d"
                  }
                },
                "Convert_time_zone": {
                  "type": "Expression",
                  "kind": "ConvertTimeZone",
                  "inputs": {
                    "baseTime": "utcNow()",
                    "sourceTimeZone": "UTC",
                    "destinationTimeZone": "GMT Standard Time"
                  },
                  "metadata": {
                    "operationMetadataId": "bbc0bc64-b435-402b-b377-15b1887325d7"
                  }
                },
                "Update_a_row": {
                  "type": "OpenApiConnection",
                  "inputs": {
                    "parameters": {
                      "entityName": "pp_iconpacks",
                      "recordId": "@items('Apply_to_each')?['pp_iconpackid']",
                      "item/pp_lastrefresh": "@body('Convert_time_zone')",
                      "item/pp_loadingstatuscode": 292460002,
                      "item/statuscode": 600340002
                    },
                    "host": {
                      "apiId": "/providers/Microsoft.PowerApps/apis/shared_commondataserviceforapps",
                      "operationId": "UpdateOnlyRecord",
                      "connectionName": "shared_commondataserviceforapps"
                    }
                  },
                  "runAfter": {
                    "Convert_time_zone": [
                      "Succeeded"
                    ]
                  },
                  "metadata": {
                    "operationMetadataId": "4718932d-eff4-4197-a945-739f6b6c7eb7"
                  }
                }
              },
              "runAfter": {
                "List_rows": [
                  "Succeeded"
                ]
              },
              "metadata": {
                "operationMetadataId": "5a20d6f6-7429-4441-8ed6-9c648ad6a0d0"
              }
            }
          },
          "runAfter": {
            "init_id": [
              "Succeeded"
            ]
          },
          "metadata": {
            "operationMetadataId": "5ce2435e-cf7e-4fcb-b8e1-f1407fad5a4d"
          }
        },
        "Catch": {
          "type": "Scope",
          "actions": {
            "Update_a_row_2": {
              "type": "OpenApiConnection",
              "inputs": {
                "parameters": {
                  "entityName": "pp_iconpacks",
                  "recordId": "@variables('id')",
                  "item/pp_loadingstatuscode": 292460003,
                  "item/statuscode": 1
                },
                "host": {
                  "apiId": "/providers/Microsoft.PowerApps/apis/shared_commondataserviceforapps",
                  "operationId": "UpdateOnlyRecord",
                  "connectionName": "shared_commondataserviceforapps"
                }
              },
              "metadata": {
                "operationMetadataId": "295e26c0-6179-483f-9ec1-acfb1c61bb54"
              }
            },
            "Terminate": {
              "type": "Terminate",
              "inputs": {
                "runStatus": "Failed",
                "runError": {
                  "code": "500",
                  "message": "error"
                }
              },
              "runAfter": {
                "Update_a_row_2": [
                  "Succeeded"
                ]
              },
              "metadata": {
                "operationMetadataId": "a658c2f7-1f70-4f76-99a8-a63dc4d4f117"
              }
            }
          },
          "runAfter": {
            "Try": [
              "Failed"
            ]
          },
          "metadata": {
            "operationMetadataId": "8d063f3d-1319-4170-8ba1-a25caf0b8ab9"
          }
        },
        "Finally": {
          "type": "Scope",
          "actions": {
            "Terminate_2": {
              "type": "Terminate",
              "inputs": {
                "runStatus": "Succeeded"
              },
              "metadata": {
                "operationMetadataId": "09f5001a-be9c-4983-810b-d7dfce063521"
              }
            }
          },
          "runAfter": {
            "Catch": [
              "Skipped"
            ]
          },
          "metadata": {
            "operationMetadataId": "34995286-dda4-49f9-a6d9-d6d6d0c4a53c"
          }
        },
        "init_id": {
          "type": "InitializeVariable",
          "inputs": {
            "variables": [
              {
                "name": "id",
                "type": "string"
              }
            ]
          },
          "runAfter": {},
          "metadata": {
            "operationMetadataId": "8517953f-0b4a-4872-8ff0-3fce99a5aa2d"
          }
        }
      }
    },
    "templateName": null
  },
  "schemaVersion": "1.0.0.0"
}